{"cameraMode":{"drawMode":0,"name":"Shaded","section":"Shading Mode"},"sceneLighting":true,"audioPlay":false,"sceneViewState":{"showFog":true,"showMaterialUpdate":true,"showSkybox":true,"showFlares":true,"showImageEffects":true,"showParticleSystems":true,"showVisualEffectGraphs":true,"m_FxEnabled":true},"in2DMode":false,"pivot":{"x":0.0872584730386734,"y":-1.0655908584594727,"z":-2.040916919708252},"rotation":{"x":-0.0034099894110113384,"y":0.9924120903015137,"z":-0.1196645051240921,"w":-0.02829229086637497},"size":3.4983508586883547,"orthographic":false}