{"cameraMode":{"drawMode":0,"name":"Shaded","section":"Shading Mode"},"sceneLighting":false,"audioPlay":false,"sceneViewState":{"showFog":true,"showMaterialUpdate":false,"showSkybox":false,"showFlares":true,"showImageEffects":true,"showParticleSystems":true,"showVisualEffectGraphs":true,"m_FxEnabled":true},"in2DMode":false,"pivot":{"x":0.6122708320617676,"y":0.9195698499679565,"z":-0.9020533561706543},"rotation":{"x":0.017653217539191247,"y":0.9761284589767456,"z":-0.19827574491500855,"w":0.08690503984689713},"size":1.0615355968475342,"orthographic":false}