{"cameraMode":{"drawMode":0,"name":"Shaded","section":"Shading Mode"},"sceneLighting":true,"audioPlay":false,"sceneViewState":{"showFog":true,"showMaterialUpdate":true,"showSkybox":true,"showFlares":true,"showImageEffects":true,"showParticleSystems":true,"showVisualEffectGraphs":true,"m_FxEnabled":true},"in2DMode":false,"pivot":{"x":-10.94415283203125,"y":-18.337066650390626,"z":-188.69332885742188},"rotation":{"x":-0.010754453018307686,"y":-0.9886646866798401,"z":0.12161891162395477,"w":-0.08743123710155487},"size":102.20853424072266,"orthographic":false}