{"cameraMode":{"drawMode":0,"name":"Shaded","section":"Shading Mode"},"sceneLighting":true,"audioPlay":false,"sceneViewState":{"showFog":true,"showMaterialUpdate":true,"showSkybox":true,"showFlares":true,"showImageEffects":true,"showParticleSystems":true,"showVisualEffectGraphs":true,"m_FxEnabled":true},"in2DMode":false,"pivot":{"x":0.0516054630279541,"y":-0.9088822603225708,"z":-1.410744309425354},"rotation":{"x":0.0007356309797614813,"y":-0.8715720772743225,"z":0.001307244529016316,"w":0.49026918411254885},"size":1.512002944946289,"orthographic":false}