{"cameraMode":{"drawMode":0,"name":"Shaded","section":"Shading Mode"},"sceneLighting":true,"audioPlay":false,"sceneViewState":{"showFog":true,"showMaterialUpdate":true,"showSkybox":true,"showFlares":true,"showImageEffects":true,"showParticleSystems":true,"showVisualEffectGraphs":true,"m_FxEnabled":true},"in2DMode":false,"pivot":{"x":-2.8668625354766847,"y":-9.090851783752442,"z":-10.916324615478516},"rotation":{"x":0.026152316480875016,"y":-0.9436016082763672,"z":0.32099318504333498,"w":0.07688179612159729},"size":9.250889778137207,"orthographic":false}