{"cameraMode":{"drawMode":0,"name":"Shaded","section":"Shading Mode"},"sceneLighting":true,"audioPlay":false,"sceneViewState":{"showFog":true,"showMaterialUpdate":true,"showSkybox":true,"showFlares":true,"showImageEffects":true,"showParticleSystems":true,"showVisualEffectGraphs":true,"m_FxEnabled":true},"in2DMode":false,"pivot":{"x":-14.310386657714844,"y":19.422954559326173,"z":10.342958450317383},"rotation":{"x":0.16624689102172852,"y":-0.14585034549236298,"z":0.02487085945904255,"w":0.9749255776405335},"size":4.9298295974731449,"orthographic":false}