{"cameraMode":{"drawMode":0,"name":"Shaded","section":"Shading Mode"},"sceneLighting":true,"audioPlay":false,"sceneViewState":{"showFog":true,"showMaterialUpdate":true,"showSkybox":true,"showFlares":true,"showImageEffects":true,"showParticleSystems":true,"showVisualEffectGraphs":true,"m_FxEnabled":true},"in2DMode":false,"pivot":{"x":1.141997218132019,"y":-1.2299182415008546,"z":0.8829653263092041},"rotation":{"x":0.011548362672328949,"y":-0.984745979309082,"z":0.07191731780767441,"w":0.15820595622062684},"size":0.7216529846191406,"orthographic":false}