{"cameraMode":{"drawMode":0,"name":"Shaded","section":"Shading Mode"},"sceneLighting":true,"audioPlay":false,"sceneViewState":{"showFog":true,"showMaterialUpdate":true,"showSkybox":true,"showFlares":true,"showImageEffects":true,"showParticleSystems":true,"showVisualEffectGraphs":true,"m_FxEnabled":true},"in2DMode":false,"pivot":{"x":-0.20113855600357057,"y":-2.2201128005981447,"z":-1.7964458465576172},"rotation":{"x":0.0086705032736063,"y":-0.9883601665496826,"z":0.13877764344215394,"w":0.06175205111503601},"size":3.9871437549591066,"orthographic":false}