{"cameraMode":{"drawMode":0,"name":"Shaded","section":"Shading Mode"},"sceneLighting":true,"audioPlay":false,"sceneViewState":{"showFog":true,"showMaterialUpdate":true,"showSkybox":true,"showFlares":true,"showImageEffects":true,"showParticleSystems":true,"showVisualEffectGraphs":true,"m_FxEnabled":true},"in2DMode":false,"pivot":{"x":5.591578483581543,"y":2.6229209899902345,"z":17.42550277709961},"rotation":{"x":0.007654636632651091,"y":-0.9854457378387451,"z":0.16348111629486085,"w":0.046148352324962619},"size":0.7704702615737915,"orthographic":false}