{"cameraMode":{"drawMode":0,"name":"Shaded","section":"Shading Mode"},"sceneLighting":true,"audioPlay":false,"sceneViewState":{"showFog":true,"showMaterialUpdate":true,"showSkybox":true,"showFlares":true,"showImageEffects":true,"showParticleSystems":true,"showVisualEffectGraphs":true,"m_FxEnabled":true},"in2DMode":false,"pivot":{"x":6.824837684631348,"y":-7.489552974700928,"z":-20.011478424072267},"rotation":{"x":0.016520891338586808,"y":0.9835740923881531,"z":-0.12308268994092941,"w":0.13147203624248506},"size":13.05870532989502,"orthographic":false}