{"cameraMode":{"drawMode":0,"name":"Shaded","section":"Shading Mode"},"sceneLighting":true,"audioPlay":false,"sceneViewState":{"showFog":true,"showMaterialUpdate":true,"showSkybox":true,"showFlares":true,"showImageEffects":true,"showParticleSystems":true,"showVisualEffectGraphs":true,"m_FxEnabled":true},"in2DMode":false,"pivot":{"x":14.766120910644532,"y":-1.352834701538086,"z":-3.5468759536743166},"rotation":{"x":-0.0022309182677417995,"y":0.6685760021209717,"z":0.002005733549594879,"w":0.7436376810073853},"size":3.0319676399230959,"orthographic":false}