{"cameraMode":{"drawMode":0,"name":"Shaded","section":"Shading Mode"},"sceneLighting":true,"audioPlay":false,"sceneViewState":{"showFog":true,"showMaterialUpdate":true,"showSkybox":true,"showFlares":true,"showImageEffects":true,"showParticleSystems":true,"showVisualEffectGraphs":true,"m_FxEnabled":true},"in2DMode":false,"pivot":{"x":-1.335585355758667,"y":0.35235780477523806,"z":0.13275432586669923},"rotation":{"x":0.009032908827066422,"y":-0.9884233474731445,"z":0.06533149629831314,"w":0.13666854798793794},"size":0.4622986912727356,"orthographic":false}