{"cameraMode":{"drawMode":0,"name":"Shaded","section":"Shading Mode"},"sceneLighting":true,"audioPlay":false,"sceneViewState":{"showFog":true,"showMaterialUpdate":true,"showSkybox":true,"showFlares":true,"showImageEffects":true,"showParticleSystems":true,"showVisualEffectGraphs":true,"m_FxEnabled":true},"in2DMode":false,"pivot":{"x":-11.828580856323243,"y":18.211936950683595,"z":14.478414535522461},"rotation":{"x":0.17230945825576783,"y":0.18641282618045808,"z":-0.03329005092382431,"w":0.9667391180992127},"size":2.504723310470581,"orthographic":false}