{"cameraMode":{"drawMode":0,"name":"Shaded","section":"Shading Mode"},"sceneLighting":true,"audioPlay":false,"sceneViewState":{"showFog":true,"showMaterialUpdate":true,"showSkybox":true,"showFlares":true,"showImageEffects":true,"showParticleSystems":true,"showVisualEffectGraphs":true,"m_FxEnabled":true},"in2DMode":false,"pivot":{"x":0.6803745031356812,"y":-0.09480035305023194,"z":-1.5058159828186036},"rotation":{"x":0.0058922250755131248,"y":0.9923680424690247,"z":-0.11151038110256195,"w":0.05244240537285805},"size":3.4656591415405275,"orthographic":false}