{"cameraMode":{"drawMode":0,"name":"Shaded","section":"Shading Mode"},"sceneLighting":true,"audioPlay":false,"sceneViewState":{"showFog":true,"showMaterialUpdate":true,"showSkybox":true,"showFlares":true,"showImageEffects":true,"showParticleSystems":true,"showVisualEffectGraphs":true,"m_FxEnabled":true},"in2DMode":false,"pivot":{"x":-12.948766708374024,"y":0.4003494679927826,"z":1.986785888671875},"rotation":{"x":0.17680805921554566,"y":0.04132372513413429,"z":-0.0074374196119606499,"w":0.9833683371543884},"size":3.4922046661376955,"orthographic":false}