{"cameraMode":{"drawMode":0,"name":"Shaded","section":"Shading Mode"},"sceneLighting":true,"audioPlay":false,"sceneViewState":{"showFog":true,"showMaterialUpdate":true,"showSkybox":true,"showFlares":true,"showImageEffects":true,"showParticleSystems":true,"showVisualEffectGraphs":true,"m_FxEnabled":true},"in2DMode":false,"pivot":{"x":-0.041862852871418,"y":-1.3041354417800904,"z":0.8706077337265015},"rotation":{"x":-0.0037711469922214748,"y":-0.9942046403884888,"z":0.10116009414196015,"w":-0.0370059497654438},"size":0.12165296077728272,"orthographic":false}