{"cameraMode":{"drawMode":0,"name":"Shaded","section":"Shading Mode"},"sceneLighting":true,"audioPlay":false,"sceneViewState":{"showFog":true,"showMaterialUpdate":true,"showSkybox":true,"showFlares":true,"showImageEffects":true,"showParticleSystems":true,"showVisualEffectGraphs":true,"m_FxEnabled":true},"in2DMode":false,"pivot":{"x":-1.0515996217727662,"y":-1.945702314376831,"z":-17.742216110229493},"rotation":{"x":-0.0004766587517224252,"y":-0.9995033740997315,"z":0.026693232357501985,"w":-0.017695443704724313},"size":7.071067810058594,"orthographic":false}