{"cameraMode":{"drawMode":0,"name":"Shaded","section":"Shading Mode"},"sceneLighting":true,"audioPlay":false,"sceneViewState":{"showFog":true,"showMaterialUpdate":true,"showSkybox":true,"showFlares":true,"showImageEffects":true,"showParticleSystems":true,"showVisualEffectGraphs":true,"m_FxEnabled":true},"in2DMode":false,"pivot":{"x":-13.000950813293457,"y":14.836088180541993,"z":17.336088180541993},"rotation":{"x":0.37824586033821108,"y":0.31169185042381289,"z":-0.13695672154426576,"w":0.860832691192627},"size":3.487255811691284,"orthographic":false}