{"cameraMode":{"drawMode":0,"name":"Shaded","section":"Shading Mode"},"sceneLighting":true,"audioPlay":false,"sceneViewState":{"showFog":true,"showMaterialUpdate":true,"showSkybox":true,"showFlares":true,"showImageEffects":true,"showParticleSystems":true,"showVisualEffectGraphs":true,"m_FxEnabled":true},"in2DMode":false,"pivot":{"x":-10.33083438873291,"y":112.34282684326172,"z":81.61829376220703},"rotation":{"x":0.01630699262022972,"y":-0.9320963621139526,"z":0.35948580503463747,"w":0.042244888842105868},"size":2.6881020069122316,"orthographic":false}